INSERT INTO T_Countries (id_country, country_name) VALUES
(1, 'South Georgia'),
(2, 'Grenada'),
(3, 'Switzerland'),
(4, 'Sierra Leone'),
(5, 'Hungary'),
(6, 'Taiwan'),
(7, 'Wallis and Futuna'),
(8, 'Barbados'),
(9, 'Pitcairn Islands'),
(10, 'Ivory Coast'),
(11, 'Tunisia'),
(12, 'Italy'),
(13, 'Benin'),
(14, 'Indonesia'),
(15, 'Cape Verde'),
(16, 'Saint Kitts and Nevis'),
(17, 'Laos'),
(18, 'Caribbean Netherlands'),
(19, 'Uganda'),
(20, 'Andorra'),
(21, 'Burundi'),
(22, 'South Africa'),
(23, 'France'),
(24, 'Libya'),
(25, 'Mexico'),
(26, 'Gabon'),
(27, 'Northern Mariana Islands'),
(28, 'North Macedonia'),
(29, 'China'),
(30, 'Yemen'),
(31, 'Saint Barthélemy'),
(32, 'Guernsey'),
(33, 'Solomon Islands'),
(34, 'Svalbard and Jan Mayen'),
(35, 'Faroe Islands'),
(36, 'Uzbekistan'),
(37, 'Egypt'),
(38, 'Senegal'),
(39, 'Sri Lanka'),
(40, 'Palestine'),
(41, 'Bangladesh'),
(42, 'Peru'),
(43, 'Singapore'),
(44, 'Turkey'),
(45, 'Afghanistan'),
(46, 'Aruba'),
(47, 'Cook Islands'),
(48, 'United Kingdom'),
(49, 'Zambia'),
(50, 'Finland'),
(51, 'Niger'),
(52, 'Christmas Island'),
(53, 'Tokelau'),
(54, 'Guinea-Bissau'),
(55, 'Azerbaijan'),
(56, 'Réunion'),
(57, 'Djibouti'),
(58, 'North Korea'),
(59, 'Mauritius'),
(60, 'Montserrat'),
(61, 'United States Virgin Islands'),
(62, 'Colombia'),
(63, 'Greece'),
(64, 'Croatia'),
(65, 'Morocco'),
(66, 'Algeria'),
(67, 'Antarctica'),
(68, 'Netherlands'),
(69, 'Sudan'),
(70, 'Fiji'),
(71, 'Liechtenstein'),
(72, 'Nepal'),
(73, 'Puerto Rico'),
(74, 'Georgia'),
(75, 'Pakistan'),
(76, 'Monaco'),
(77, 'Botswana'),
(78, 'Lebanon'),
(79, 'Papua New Guinea'),
(80, 'Mayotte'),
(81, 'Dominican Republic'),
(82, 'Norfolk Island'),
(83, 'Bouvet Island'),
(84, 'Qatar'),
(85, 'Madagascar'),
(86, 'India'),
(87, 'Syria'),
(88, 'Montenegro'),
(89, 'Eswatini'),
(90, 'Paraguay'),
(91, 'El Salvador'),
(92, 'Ukraine'),
(93, 'Isle of Man'),
(94, 'Namibia'),
(95, 'United Arab Emirates'),
(96, 'Bulgaria'),
(97, 'Greenland'),
(98, 'Germany'),
(99, 'Cambodia'),
(100, 'Iraq'),
(101, 'French Southern and Antarctic Lands'),
(102, 'Sweden'),
(103, 'Cuba'),
(104, 'Kyrgyzstan'),
(105, 'Russia'),
(106, 'Malaysia'),
(107, 'São Tomé and Príncipe'),
(108, 'Cyprus'),
(109, 'Canada'),
(110, 'Malawi'),
(111, 'Saudi Arabia'),
(112, 'Bosnia and Herzegovina'),
(113, 'Ethiopia'),
(114, 'Spain'),
(115, 'Slovenia'),
(116, 'Oman'),
(117, 'Saint Pierre and Miquelon'),
(118, 'Macau'),
(119, 'San Marino'),
(120, 'Lesotho'),
(121, 'Marshall Islands'),
(122, 'Sint Maarten'),
(123, 'Iceland'),
(124, 'Luxembourg'),
(125, 'Argentina'),
(126, 'Turks and Caicos Islands'),
(127, 'Nauru'),
(128, 'Cocos (Keeling) Islands'),
(129, 'Western Sahara'),
(130, 'Dominica'),
(131, 'Costa Rica'),
(132, 'Australia'),
(133, 'Thailand'),
(134, 'Haiti'),
(135, 'Tuvalu'),
(136, 'Honduras'),
(137, 'Equatorial Guinea'),
(138, 'Saint Lucia'),
(139, 'French Polynesia'),
(140, 'Belarus'),
(141, 'Latvia'),
(142, 'Palau'),
(143, 'Guadeloupe'),
(144, 'Philippines'),
(145, 'Gibraltar'),
(146, 'Denmark'),
(147, 'Cameroon'),
(148, 'Guinea'),
(149, 'Bahrain'),
(150, 'Suriname'),
(151, 'DR Congo'),
(152, 'Somalia'),
(153, 'Czechia'),
(154, 'New Caledonia'),
(155, 'Vanuatu'),
(156, 'Saint Helena, Ascension and Tristan da Cunha'),
(157, 'Togo'),
(158, 'British Virgin Islands'),
(159, 'Kenya'),
(160, 'Niue'),
(161, 'Heard Island and McDonald Islands'),
(162, 'Rwanda'),
(163, 'Estonia'),
(164, 'Romania'),
(165, 'Trinidad and Tobago'),
(166, 'Guyana'),
(167, 'Timor-Leste'),
(168, 'Vietnam'),
(169, 'Uruguay'),
(170, 'Vatican City'),
(171, 'Hong Kong'),
(172, 'Austria'),
(173, 'Antigua and Barbuda'),
(174, 'Turkmenistan'),
(175, 'Mozambique'),
(176, 'Panama'),
(177, 'Micronesia'),
(178, 'Ireland'),
(179, 'Curaçao'),
(180, 'French Guiana'),
(181, 'Norway'),
(182, 'Åland Islands'),
(183, 'Central African Republic'),
(184, 'Burkina Faso'),
(185, 'Eritrea'),
(186, 'Tanzania'),
(187, 'South Korea'),
(188, 'Jordan'),
(189, 'Mauritania'),
(190, 'Lithuania'),
(191, 'United States Minor Outlying Islands'),
(192, 'Slovakia'),
(193, 'Angola'),
(194, 'Kazakhstan'),
(195, 'Moldova'),
(196, 'Mali'),
(197, 'Falkland Islands'),
(198, 'Armenia'),
(199, 'Samoa'),
(200, 'Jersey'),
(201, 'Japan'),
(202, 'Bolivia'),
(203, 'Chile'),
(204, 'United States'),
(205, 'Saint Vincent and the Grenadines'),
(206, 'Bermuda'),
(207, 'Seychelles'),
(208, 'British Indian Ocean Territory'),
(209, 'Guatemala'),
(210, 'Ecuador'),
(211, 'Martinique'),
(212, 'Tajikistan'),
(213, 'Malta'),
(214, 'Gambia'),
(215, 'Nigeria'),
(216, 'Bahamas'),
(217, 'Kosovo'),
(218, 'Kuwait'),
(219, 'Maldives'),
(220, 'South Sudan'),
(221, 'Iran'),
(222, 'Albania'),
(223, 'Brazil'),
(224, 'Serbia'),
(225, 'Belize'),
(226, 'Myanmar'),
(227, 'Bhutan'),
(228, 'Venezuela'),
(229, 'Liberia'),
(230, 'Jamaica'),
(231, 'Poland'),
(232, 'Cayman Islands'),
(233, 'Brunei'),
(234, 'Comoros'),
(235, 'Guam'),
(236, 'Tonga'),
(237, 'Kiribati'),
(238, 'Ghana'),
(239, 'Chad'),
(240, 'Zimbabwe'),
(241, 'Saint Martin'),
(242, 'Mongolia'),
(243, 'Portugal'),
(244, 'American Samoa'),
(245, 'Republic of the Congo'),
(246, 'Belgium'),
(247, 'Israel'),
(248, 'New Zealand'),
(249, 'Nicaragua'),
(250, 'Anguilla');

INSERT INTO T_CARDS (id_card, illustration, attack, deffense) VALUES
(1, 'Ancestor\'s Chosen', 1000, 1000),
(2, 'Ancestor\'s Chosen', 1000, 1000),
(3, 'Angel of Mercy', 1000, 1000),
(4, 'Angel of Mercy', 1000, 1000),
(5, 'Angelic Blessing', 2728, 1370),
(6, 'Angelic Blessing', 3361, 3581),
(7, 'Angelic Chorus', 1775, 1005),
(8, 'Angelic Wall', 1000, 1000),
(9, 'Angelic Wall', 1000, 1000),
(10, 'Aura of Silence', 2588, 3819),
(11, 'Aven Cloudchaser', 1000, 1000),
(12, 'Aven Cloudchaser', 1000, 1000),
(13, 'Ballista Squad', 1000, 1000),
(14, 'Bandage', 2429, 3300),
(15, 'Beacon of Immortality', 2628, 1887),
(16, 'Benalish Knight', 1000, 1000),
(17, 'Benalish Knight', 1000, 1000),
(18, 'Cho-Manno, Revolutionary', 1000, 1000),
(19, 'Condemn', 3991, 2330),
(20, 'Demystify', 1635, 3023),
(21, 'Field Marshal', 1000, 1000),
(22, 'Field Marshal', 1000, 1000),
(23, 'Ghost Warden', 1000, 1000),
(24, 'Glorious Anthem', 1520, 2783),
(25, 'Hail of Arrows', 1717, 1453),
(26, 'Heart of Light', 2169, 3669),
(27, 'Heart of Light', 2130, 2509),
(28, 'High Ground', 2786, 1320),
(29, 'Holy Day', 3490, 1180),
(30, 'Holy Strength', 3548, 3140),
(31, 'Holy Strength', 2356, 3266),
(32, 'Honor Guard', 1000, 1000),
(33, 'Icatian Priest', 1000, 1000),
(34, 'Kjeldoran Royal Guard', 1000, 1000),
(35, 'Loxodon Mystic', 1000, 1000),
(36, 'Loyal Sentry', 1000, 1000),
(37, 'Luminesce', 1919, 1513),
(38, 'Mobilization', 1420, 3601),
(39, 'Mobilization', 2655, 3633),
(40, 'Nomad Mythmaker', 1000, 1000),
(41, 'Nomad Mythmaker', 1000, 1000),
(42, 'Pacifism', 3212, 1474),
(43, 'Pacifism', 3666, 3407),
(44, 'Paladin en-Vec', 1000, 1000),
(45, 'Paladin en-Vec', 1000, 1000),
(46, 'Pariah', 1841, 1127),
(47, 'Pariah', 1522, 1610),
(48, 'Reviving Dose', 1121, 2894),
(49, 'Reya Dawnbringer', 1000, 1000),
(50, 'Reya Dawnbringer', 1000, 1000),
(51, 'Righteousness', 2015, 1003),
(52, 'Rule of Law', 2470, 2135),
(53, 'Samite Healer', 1000, 1000),
(54, 'Serra Angel', 1000, 1000),
(55, 'Serra Angel', 1000, 1000),
(56, 'Serra\'s Embrace', 1868, 1292),
(57, 'Serra\'s Embrace', 3512, 1683),
(58, 'Skyhunter Patrol', 1000, 1000),
(59, 'Skyhunter Patrol', 1000, 1000),
(60, 'Skyhunter Prowler', 1000, 1000),
(61, 'Skyhunter Prowler', 1000, 1000),
(62, 'Skyhunter Skirmisher', 1000, 1000),
(63, 'Skyhunter Skirmisher', 1000, 1000),
(64, 'Soul Warden', 1000, 1000),
(65, 'Spirit Link', 3024, 3373),
(66, 'Spirit Link', 2444, 3633),
(67, 'Spirit Weaver', 1000, 1000),
(68, 'Starlight Invoker', 1000, 1000),
(69, 'Steadfast Guard', 1000, 1000),
(70, 'Steadfast Guard', 1000, 1000),
(71, 'Story Circle', 1730, 2209),
(72, 'Suntail Hawk', 1000, 1000),
(73, 'Suntail Hawk', 1000, 1000),
(74, 'Tempest of Light', 3974, 1623),
(75, 'Treasure Hunter', 1000, 1000),
(76, 'True Believer', 1000, 1000),
(77, 'True Believer', 1000, 1000),
(78, 'Tundra Wolves', 1000, 1000),
(79, 'Tundra Wolves', 1000, 1000),
(80, 'Venerable Monk', 1000, 1000),
(81, 'Voice of All', 1000, 1000),
(82, 'Voice of All', 1000, 1000),
(83, 'Wall of Swords', 1000, 1000),
(84, 'Wall of Swords', 1000, 1000),
(85, 'Warrior\'s Honor', 3236, 3741),
(86, 'Wild Griffin', 1000, 1000),
(87, 'Wild Griffin', 1000, 1000),
(88, 'Windborn Muse', 1000, 1000),
(89, 'Windborn Muse', 1000, 1000),
(90, 'Wrath of God', 2032, 3494),
(91, 'Youthful Knight', 1000, 1000),
(92, 'Youthful Knight', 1000, 1000),
(93, 'Academy Researchers', 1000, 1000),
(94, 'Air Elemental', 1000, 1000),
(95, 'Air Elemental', 1000, 1000),
(96, 'Ambassador Laquatus', 1000, 1000),
(97, 'Arcanis the Omnipotent', 1000, 1000),
(98, 'Aura Graft', 3881, 2689),
(99, 'Aven Fisher', 1000, 1000),
(100, 'Aven Fisher', 1000, 1000);

INSERT INTO T_SERIES (id_series, series_name, release_date) VALUES
(1, 'Alpha', '1993-10-01'),
(2, 'Beta', '1993-10-01'),
(3, 'Unlimited', '1993-12-01'),
(4, 'Arabian Nights', '1993-12-17'),
(5, 'Antiquities', '1994-03-01'),
(6, 'Legends', '1994-06-01'),
(7, 'The Dark', '1994-08-05'),
(8, 'Mirage', '1996-05-20'),
(9, 'Tempest', '1997-02-24'),
(10, 'Urzas Saga', '1998-10-12');

INSERT INTO T_CARD_SERIES (id_card_series, id_card, id_series) VALUES
(1, 1, 1), (2, 2, 1), (3, 3, 1), (4, 4, 1), (5, 5, 1), (6, 6, 1), (7, 7, 1), (8, 8, 1), (9, 9, 1), (10, 10, 1),
(11, 1, 2), (12, 2, 2), (13, 3, 2), (14, 4, 2), (15, 5, 2), (16, 6, 2), (17, 7, 2), (18, 8, 2), (19, 9, 2), (20, 10, 2),
(21, 1, 3), (22, 2, 3), (23, 3, 3), (24, 4, 3), (25, 5, 3), (26, 6, 3), (27, 7, 3), (28, 8, 3), (29, 9, 3), (30, 10, 3),
(31, 1, 4), (32, 2, 4), (33, 3, 4), (34, 4, 4), (35, 5, 4), (36, 6, 4), (37, 7, 4), (38, 8, 4), (39, 9, 4), (40, 10, 4),
(41, 1, 5), (42, 2, 5), (43, 3, 5), (44, 4, 5), (45, 5, 5), (46, 6, 5), (47, 7, 5), (48, 8, 5), (49, 9, 5), (50, 10, 5),
(51, 1, 6), (52, 2, 6), (53, 3, 6), (54, 4, 6), (55, 5, 6), (56, 6, 6), (57, 7, 6), (58, 8, 6), (59, 9, 6), (60, 10, 6),
(61, 1, 7), (62, 2, 7), (63, 3, 7), (64, 4, 7), (65, 5, 7), (66, 6, 7), (67, 7, 7), (68, 8, 7), (69, 9, 7), (70, 10, 7),
(71, 1, 8), (72, 2, 8), (73, 3, 8), (74, 4, 8), (75, 5, 8), (76, 6, 8), (77, 7, 8), (78, 8, 8), (79, 9, 8), (80, 10, 8),
(81, 1, 9), (82, 2, 9), (83, 3, 9), (84, 4, 9), (85, 5, 9), (86, 6, 9), (87, 7, 9), (88, 8, 9), (89, 9, 9), (90, 10, 9),
(91, 1, 10), (92, 2, 10), (93, 3, 10), (94, 4, 10), (95, 5, 10), (96, 6, 10), (97, 7, 10), (98, 8, 10), (99, 9, 10), (100, 10, 10);

INSERT INTO T_ROLES (id_rol, rol) VALUES
(1, 'Organizer'),
(2, 'Administrator'),
(3, 'Judge'),
(4, 'Player');


-- Jugadores (20 registros)
INSERT INTO t_users (id_user, id_country, id_rol, fullname, alias, email, games_won, games_lost, disqualifications, avatar_url, passcode) VALUES
(1, 1, 4, 'Yugi Mutou', 'KingOfGames', 'yugi.mutou@example.com', 50, 20, 0, 'https://example.com/yugi_avatar.png', 'passcode1'),
(2, 2, 4, 'Seto Kaiba', 'KaibaCorpCEO', 'seto.kaiba@example.com', 60, 15, 1, 'https://example.com/kaiba_avatar.png', 'passcode2'),
(3, 3, 4, 'Joey Wheeler', 'RedEyesFan', 'joey.wheeler@example.com', 45, 30, 2, 'https://example.com/joey_avatar.png', 'passcode3'),
(4, 4, 4, 'Mai Valentine', 'HarpieLady', 'mai.valentine@example.com', 40, 25, 1, 'https://example.com/mai_avatar.png', 'passcode4'),
(5, 5, 4, 'Tea Gardner', 'HeartOfTheCards', 'tea.gardner@example.com', 35, 20, 0, 'https://example.com/tea_avatar.png', 'passcode5'),
(6, 6, 4, 'Bakura Ryou', 'SpiritOfTheRing', 'bakura.ryou@example.com', 50, 20, 1, 'https://example.com/bakura_avatar.png', 'passcode6'),
(7, 7, 4, 'Maximillion Pegasus', 'ToonKing', 'maximillion.pegasus@example.com', 55, 10, 0, 'https://example.com/pegasus_avatar.png', 'passcode7'),
(8, 8, 4, 'Mokuba Kaiba', 'KaibaBro', 'mokuba.kaiba@example.com', 30, 15, 2, 'https://example.com/mokuba_avatar.png', 'passcode8'),
(9, 9, 4, 'Aigami', 'AigamiRuler', 'aigami@example.com', 40, 15, 0, 'https://example.com/aigami_avatar.png', 'passcode9'),
(10, 10, 4, 'Noah Kaiba', 'DigitalKing', 'noah.kaiba@example.com', 45, 15, 1, 'https://example.com/noah_avatar.png', 'passcode10'),
(11, 11, 4, 'Shadi', 'GuardianShadi', 'shadi@example.com', 20, 10, 0, 'https://example.com/shadi_avatar.png', 'passcode11'),
(12, 12, 4, 'Marek Ishtar', 'MarekIshtar', 'marek.ishtar@example.com', 50, 30, 1, 'https://example.com/marek_avatar.png', 'passcode12'),
(13, 13, 4, 'Sera', 'SeraTheStrategist', 'sera@example.com', 25, 10, 1, 'https://example.com/sera_avatar.png', 'passcode13'),
(14, 14, 4, 'Tristan Taylor', 'ToughTristan', 'tristan.taylor@example.com', 35, 20, 0, 'https://example.com/tristan_avatar.png', 'passcode14'),
(15, 15, 4, 'Yami Marik', 'DarkMarik', 'yami.marik@example.com', 60, 20, 2, 'https://example.com/yami_marik_avatar.png', 'passcode15'),
(16, 16, 4, 'Ishizu Ishtar', 'IshizuTheOracle', 'ishizu.ishtar@example.com', 10, 5, 0, 'https://example.com/ishizu_avatar.png', 'passcode16'),
(17, 17, 4, 'Shimon Muran', 'AncientEgyptian', 'shimon.muran@example.com', 50, 15, 1, 'https://example.com/shimon_avatar.png', 'passcode17'),
(18, 18, 4, 'Yami Yugi', 'Pharaoh', 'yami.yugi@example.com', 65, 10, 0, 'https://example.com/yami_yugi_avatar.png', 'passcode18'),
(19, 19, 4, 'Seto Kaiba', 'KaibaMaster', 'seto.kaiba2@example.com', 45, 25, 0, 'https://example.com/kaiba2_avatar.png', 'passcode19'),
(20, 20, 4, 'Marek Ishtar', 'DarkMarek', 'marek.ishtar2@example.com', 30, 20, 1, 'https://example.com/marek2_avatar.png', 'passcode20');

-- Jueces (6 registros)
INSERT INTO t_users (id_user, id_country, id_rol, fullname, alias, email, games_won, games_lost, disqualifications, avatar_url, passcode) VALUES
(21, 1, 3, 'Maximillion Pegasus', 'JudgeToonKing', 'judge.pegasus@example.com', 0, 0, 0, 'https://example.com/judge_pegasus_avatar.png', 'judgepasscode1'),
(22, 2, 3, 'Mokuba Kaiba', 'JudgeKaibaBro', 'judge.mokuba@example.com', 0, 0, 0, 'https://example.com/judge_mokuba_avatar.png', 'judgepasscode2'),
(23, 3, 3, 'Tristan Taylor', 'JudgeToughTristan', 'judge.tristan@example.com', 0, 0, 0, 'https://example.com/judge_tristan_avatar.png', 'judgepasscode3'),
(24, 4, 3, 'Tea Gardner', 'JudgeHeartOfTheCards', 'judge.tea@example.com', 0, 0, 0, 'https://example.com/judge_tea_avatar.png', 'judgepasscode4'),
(25, 5, 3, 'Mai Valentine', 'JudgeHarpieLady', 'judge.mai@example.com', 0, 0, 0, 'https://example.com/judge_mai_avatar.png', 'judgepasscode5'),
(26, 6, 3, 'Shadi', 'JudgeGuardianShadi', 'judge.shadi@example.com', 0, 0, 0, 'https://example.com/judge_shadi_avatar.png', 'judgepasscode6');

-- Administradores (2 registros)
INSERT INTO t_users (id_user, id_country, id_rol, fullname, alias, email, games_won, games_lost, disqualifications, avatar_url, passcode) VALUES
(27, 7, 2, 'Yugi Mutou', 'AdminKingOfGames', 'admin.yugi@example.com', 0, 0, 0, 'https://example.com/admin_yugi_avatar.png', 'adminpasscode1'),
(28, 8, 2, 'Seto Kaiba', 'AdminKaibaCorp', 'admin.seto@example.com', 0, 0, 0, 'https://example.com/admin_kaiba_avatar.png', 'adminpasscode2');

-- Organizadores (2 registros)
INSERT INTO t_users (id_user, id_country, id_rol, fullname, alias, email, games_won, games_lost, disqualifications, avatar_url, passcode) VALUES
(29, 9, 1, 'Marek Ishtar', 'OrganizerMarek', 'organizer.marek@example.com', 0, 0, 0, 'https://example.com/organizer_marek_avatar.png', 'organizerpasscode1'),
(30, 10, 1, 'Joey Wheeler', 'OrganizerRedEyes', 'organizer.joey@example.com', 0, 0, 0, 'https://example.com/organizer_joey_avatar.png', 'organizerpasscode2');


